config_id,type_test,model_name,pooling_type,batch_size,epochs,learning_rate,attention_dropout,hidden_dropout,classifier_dropout,weight_decay,training_time,peak_memory,test_mse,test_mae,test_rmse,test_pearson
0,classifier,indobenchmark/indobert-lite-base-p2,cls,16,17,2e-05,0,0,0.1,0.01,3516.233596086502,4907.41943359375,0.009923819613714632,0.07758324,0.09961837,0.9250514540557921
1,classifier,indobenchmark/indobert-lite-base-p2,mean,16,12,2e-05,0,0,0.1,0.01,2443.3744502067566,4908.89599609375,0.011267910998028059,0.08652758,0.10615042,0.9210250013083882
2,classifier,indobenchmark/indobert-lite-base-p2,max,16,15,2e-05,0,0,0.1,0.01,3053.1811521053314,4908.89599609375,0.009973216264580306,0.07936318,0.099865995,0.9132100386754581
6,classifier,indobenchmark/indobert-lite-base-p2,attention,16,23,2e-05,0,0,0.1,0.01,4773.925364971161,4908.90771484375,0.008407265449372621,0.0727435,0.09169114,0.9285854016038404
7,classifier,indobenchmark/indobert-lite-base-p2,attention,16,12,2e-05,0,0,0.1,0.01,2566.9717395305634,4907.43310546875,0.008518477883906318,0.07260765,0.0922956,0.9213557759522202
