config_id,type_test,model_name,pooling_type,batch_size,epochs,learning_rate,attention_dropout,hidden_dropout,weight_decay,training_time,peak_memory,reg_train_loss,reg_train_rmse,reg_train_pearson,reg_valid_loss,reg_valid_rmse,reg_valid_pearson,reg_test_loss,reg_test_rmse,reg_test_pearson
0,model_test,sentence-transformers/distiluse-base-multilingual-cased-v2,mean,16,7,2e-05,0.1,0.1,0.01,1583.3435745239258,7028.74951171875,0.0014646474,0.038270712,0.990857711732283,0.037406735,0.1934082,0.8150252624074548,0.0187512,0.13693503,0.8871775981434242
1,model_test,sentence-transformers/distiluse-base-multilingual-cased-v2,cls,16,7,2e-05,0.1,0.1,0.01,1612.5645840168,7543.39599609375,0.0015902034,0.039877355,0.9900700666766321,0.035002355,0.18708916,0.7896239249125205,0.01966882,0.14024557,0.879829286522244
2,model_test,sentence-transformers/distiluse-base-multilingual-cased-v2,max,16,7,2e-05,0.1,0.1,0.01,1591.9556834697723,8042.77685546875,0.0015752186,0.039689023,0.9901641028580076,0.028788708,0.16967236,0.844629483502991,0.025261667,0.1589392,0.8642438228564226
3,model_test,sentence-transformers/distiluse-base-multilingual-cased-v2,attention,16,6,2e-05,0.1,0.1,0.01,1381.4090917110443,7028.74560546875,0.0011593129,0.034048684,0.9927705470908207,0.035220858,0.18767221,0.8201665299439796,0.019076347,0.13811715,0.8751949175564133
