config_id,type_test,model_name,pooling_type,batch_size,epochs,learning_rate,attention_dropout,hidden_dropout,classifier_dropout,weight_decay,training_time,peak_memory,test_mse,test_mae,test_rmse,test_pearson
0,classifier,indobenchmark/indobert-lite-base-p2,cls,16,32,2e-05,0,0,0.1,0.01,2910.3478667736053,4907.41943359375,0.00694424200004765,0.06226707,0.08312059,0.9494285812128926
1,classifier,indobenchmark/indobert-lite-base-p2,mean,16,20,2e-05,0,0,0.1,0.01,1824.8976538181305,4908.89599609375,0.007276397863669055,0.06363075,0.0846816,0.946662248899107
2,classifier,indobenchmark/indobert-lite-base-p2,max,16,17,2e-05,0,0,0.1,0.01,1551.8542358875275,4908.89599609375,0.008871625210823757,0.07186987,0.09415158,0.9356752675234674
6,classifier,indobenchmark/indobert-lite-base-p2,attention,16,26,2e-05,0,0,0.1,0.01,2426.0267763137817,4908.90771484375,0.00736382367488529,0.065141074,0.085735895,0.9490153729373481
8,classifier,indobenchmark/indobert-lite-base-p2,attention,16,20,2e-05,0,0,0.1,0.01,1914.862080335617,4907.43310546875,0.007048493317727532,0.06183569,0.083455965,0.950447323557269
