config_id,type_test,model_name,pooling_type,batch_size,epochs,learning_rate,attention_dropout,hidden_dropout,weight_decay,training_time,peak_memory,reg_train_loss,reg_train_rmse,reg_train_pearson,reg_valid_loss,reg_valid_rmse,reg_valid_pearson,reg_test_loss,reg_test_rmse,reg_test_pearson
0,model_test,sentence-transformers/distiluse-base-multilingual-cased-v2,mean,16,13,2e-05,0.1,0.1,0.01,1332.285922050476,7028.74951171875,0.0010766023,0.03281162,0.9914575625960893,0.0101921465,0.100956164,0.9267843556389542,0.009592884,0.09794327,0.9280174539342411
1,model_test,sentence-transformers/distiluse-base-multilingual-cased-v2,cls,16,7,2e-05,0.1,0.1,0.01,725.6331477165222,7543.39599609375,0.0015915234,0.039893903,0.987345727436483,0.0109066395,0.104434855,0.9208676204554804,0.009068465,0.095228486,0.9318925157118846
2,model_test,sentence-transformers/distiluse-base-multilingual-cased-v2,max,16,14,2e-05,0.1,0.1,0.01,1417.427536725998,8042.77685546875,0.0013502493,0.03674574,0.9892745187666315,0.010675609,0.10332284,0.9230144654584745,0.009512069,0.097529836,0.9284790158214754
3,model_test,sentence-transformers/distiluse-base-multilingual-cased-v2,attention,16,14,2e-05,0.1,0.1,0.01,1450.145251750946,8575.96630859375,0.001130846,0.033628054,0.9910252108250593,0.009649938,0.098234095,0.9298090323465297,0.009619741,0.09808028,0.927746002619408
