config_id,type_test,model_name,pooling_type,batch_size,epochs,learning_rate,attention_dropout,hidden_dropout,classifier_dropout,weight_decay,training_time,peak_memory,test_mse,test_mae,test_rmse,test_pearson
0,classifier,indobenchmark/indobert-lite-base-p2,cls,16,32,2e-05,0,0,0.1,0.01,2875.0636472702026,4907.41943359375,0.006918222876265645,0.06208325,0.083019584,0.9492390444174328
1,classifier,indobenchmark/indobert-lite-base-p2,cls,16,24,2e-05,0,0,0.3,0.01,2178.855986595154,4908.89599609375,0.006890037645851927,0.060712468,0.08264983,0.9492850199837775
2,classifier,indobenchmark/indobert-lite-base-p2,cls,16,27,2e-05,0,0,0.5,0.01,2426.7464950084686,4908.89599609375,0.007167185556941799,0.06313976,0.08438312,0.9473071439196815
