config_id,epoch,train_mse,train_mae,train_rmse,train_pearson,valid_mse,valid_mae,valid_rmse,valid_pearson
0,1,0.010784583485140027,0.07655826,0.10395365,0.9341561150303115,0.01192592571561153,0.08491369,0.11046207,0.9157143156001846
0,2,0.004188759677295183,0.047598667,0.06469345,0.9748648369075525,0.010027151805563616,0.08159757,0.10067586,0.9284339780493732
0,3,0.0026316212967304816,0.038409114,0.051326714,0.984208743939608,0.010984589202472797,0.08274148,0.1055271,0.9206801554467409
0,4,0.0020178116662238734,0.03406367,0.044939626,0.9878979578140168,0.013213870151398273,0.089501314,0.11557652,0.904137013091737
0,5,0.0016702829671597793,0.03116624,0.040879384,0.9900118529611297,0.011064216315459747,0.08244866,0.106025614,0.9194950210158197
0,6,0.001503145163003196,0.029040512,0.03876562,0.9910131500654191,0.010198985405552845,0.07805978,0.10180614,0.9252331342722323
0,7,0.0012557068007598177,0.026620572,0.0354681,0.9924794483628933,0.010893400042102886,0.083882,0.10471057,0.920430103262455
