config_id,type_test,model_name,pooling_type,batch_size,epochs,learning_rate,attention_dropout,hidden_dropout,classifier_dropout,weight_decay,training_time,peak_memory,test_mse,test_mae,test_rmse,test_pearson
9,classifier,indobenchmark/indobert-lite-base-p2,attention,16,6,2e-05,0,0,0.1,0.01,1219.2463805675507,4907.43310546875,0.016468513398789443,0.105113275,0.12832971,0.9235576111342566
10,classifier,indobenchmark/indobert-lite-base-p2,attention,16,19,2e-05,0,0,0.3,0.01,3850.7393453121185,4908.90966796875,0.009380984818562865,0.077916116,0.096855484,0.9291251799647839
11,classifier,indobenchmark/indobert-lite-base-p2,attention,16,23,2e-05,0,0,0.5,0.01,4660.135914802551,4908.90966796875,0.009958623299518457,0.079458125,0.0997929,0.9239625548183615
