config_id,type_test,model_name,pooling_type,batch_size,epochs,learning_rate,attention_dropout,hidden_dropout,classifier_dropout,weight_decay,training_time,peak_memory,test_mse,test_mae,test_rmse,test_pearson
3,classifier,indobenchmark/indobert-lite-base-p2,attention,16,11,2e-05,0,0,0.1,0.01,2310.457327604294,4908.90771484375,0.020828909383943446,0.117456436,0.14432225,0.9116630904217795
4,classifier,indobenchmark/indobert-lite-base-p2,attention,16,17,2e-05,0,0,0.3,0.01,3765.3028666973114,4908.90771484375,0.009634144819126679,0.077678695,0.09815367,0.918487398699697
5,classifier,indobenchmark/indobert-lite-base-p2,attention,16,18,2e-05,0,0,0.5,0.01,3772.8216354846954,4908.90771484375,0.010177929742405048,0.079745844,0.10088573,0.9248636934304986
6,classifier,indobenchmark/indobert-lite-base-p2,attention,16,12,2e-05,0,0,0.1,0.01,2627.031846523285,4907.43310546875,0.00844985543965147,0.07226328,0.091923095,0.9217509045479587
7,classifier,indobenchmark/indobert-lite-base-p2,attention,16,9,2e-05,0,0,0.3,0.01,2688.6825914382935,4907.43310546875,0.009476907802029299,0.07952537,0.09734941,0.9154085394056901
8,classifier,indobenchmark/indobert-lite-base-p2,attention,16,10,2e-05,0,0,0.5,0.01,4104.0103006362915,4908.90966796875,0.010620563505933834,0.083698,0.103056125,0.9154048079068078
9,classifier,indobenchmark/indobert-lite-base-p2,attention,16,6,2e-05,0,0,0.1,0.01,1219.2463805675507,4907.43310546875,0.016468513398789443,0.105113275,0.12832971,0.9235576111342566
10,classifier,indobenchmark/indobert-lite-base-p2,attention,16,19,2e-05,0,0,0.3,0.01,3850.7393453121185,4908.90966796875,0.009380984818562865,0.077916116,0.096855484,0.9291251799647839
11,classifier,indobenchmark/indobert-lite-base-p2,attention,16,23,2e-05,0,0,0.5,0.01,4660.135914802551,4908.90966796875,0.009958623299518457,0.079458125,0.0997929,0.9239625548183615
