config_id,type_test,model_name,pooling_type,batch_size,epochs,learning_rate,attention_dropout,hidden_dropout,classifier_dropout,weight_decay,training_time,peak_memory,test_mse,test_mae,test_rmse,test_pearson
9,classifier,indobenchmark/indobert-lite-base-p2,attention,16,6,2e-05,0,0,0.1,0.01,1219.2463805675507,4907.43310546875,0.016468513398789443,0.105113275,0.12832971,0.9235576111342566
10,classifier,indobenchmark/indobert-lite-base-p2,attention,16,19,2e-05,0,0,0.3,0.01,3850.7393453121185,4908.90966796875,0.009380984818562865,0.077916116,0.096855484,0.9291251799647839
11,classifier,indobenchmark/indobert-lite-base-p2,attention,16,23,2e-05,0,0,0.5,0.01,4660.135914802551,4908.90966796875,0.009958623299518457,0.079458125,0.0997929,0.9239625548183615
12,before balancing,indobenchmark/indobert-lite-base-p2,cls,16,10,2e-05,0,0,0.1,0.01,2065.219009399414,4907.41943359375,0.01046012112727532,0.07868348,0.10227474,0.9249989059269987
13,before balancing,indobenchmark/indobert-lite-base-p2,cls,16,11,2e-05,0,0,0.3,0.01,2268.5660049915314,4908.89599609375,0.008780554438439699,0.07265648,0.09370461,0.9258193333241191
14,before balancing,indobenchmark/indobert-lite-base-p2,cls,16,17,2e-05,0,0,0.5,0.01,3522.0944912433624,4908.89599609375,0.011598455862930188,0.08390637,0.10769613,0.9168046583886322
