config_id,epoch,train_mse,train_mae,train_rmse,train_pearson,valid_mse,valid_mae,valid_rmse,valid_pearson
0,1,0.01052042172586761,0.07552254,0.10275657,0.9334299657058235,0.027966021249691646,0.13551156,0.16673653,0.8724714546836662
0,2,0.004234324573158179,0.048048828,0.06519431,0.9734329363312422,0.028465009876526892,0.122046396,0.16928485,0.8325086430922911
0,3,0.0027673633323827816,0.0392799,0.052422125,0.9828819293234196,0.027895815980931122,0.12324289,0.16853356,0.8411179602765967
0,4,0.002226396863893748,0.035192557,0.04680439,0.9863646886055565,0.029895977932028472,0.13180152,0.17407687,0.8457988748741082
0,5,0.001913340703922824,0.03221244,0.043513335,0.9882348537765174,0.03186208258072535,0.12837079,0.1813736,0.8165013489549191
0,6,0.0014914937887247244,0.029254988,0.03859435,0.9907470840881152,0.0374202619617184,0.1396227,0.19516337,0.8021702425641924
0,7,0.001321505282580464,0.027053455,0.03642188,0.9917578940021179,0.03662619545745353,0.14234743,0.1932359,0.8160807428605096
0,8,0.0012739207037975179,0.027092407,0.035759207,0.9920554701024247,0.037409794478056334,0.1330002,0.19577807,0.7834290790576147
